[{"item_linen_id":53,"item_linen_rfid":"1","item_linen_product_id":1,"item_product_name":"Handuk Besar Biru","item_linen_location_id":1,"company_id":130,"company_name":"RS. Siloam Cikarang","location_id":1,"location_name":"UGD","name":"robet","item_linen_session":null,"item_linen_created_at":"2021-03-30 14:41:38","item_linen_rent":"1","item_linen_status":"1"},{"item_linen_id":54,"item_linen_rfid":"2","item_linen_product_id":1,"item_product_name":"Handuk Besar Biru","item_linen_location_id":1,"company_id":133,"company_name":"CV Hutapea Firmansyah","location_id":1,"location_name":"UGD","name":"robet","item_linen_session":null,"item_linen_created_at":"2021-03-30 14:45:57","item_linen_rent":"2","item_linen_status":"0"},{"item_linen_id":55,"item_linen_rfid":"3","item_linen_product_id":1,"item_product_name":"Handuk Besar Biru","item_linen_location_id":1,"company_id":130,"company_name":"RS. Siloam Cikarang","location_id":1,"location_name":"UGD","name":"itok toni laksono","item_linen_session":null,"item_linen_created_at":"2021-03-30 16:10:03","item_linen_rent":"2","item_linen_status":"2"},{"item_linen_id":56,"item_linen_rfid":"4","item_linen_product_id":1,"item_product_name":"Handuk Besar Biru","item_linen_location_id":1,"company_id":130,"company_name":"RS. Siloam Cikarang","location_id":1,"location_name":"UGD","name":"itok toni laksono","item_linen_session":null,"item_linen_created_at":"2021-03-30 16:12:43","item_linen_rent":"1","item_linen_status":"2"},{"item_linen_id":57,"item_linen_rfid":"E280689400004004E561AD34","item_linen_product_id":1,"item_product_name":"Handuk Besar Biru","item_linen_location_id":1,"company_id":130,"company_name":"RS. Siloam Cikarang","location_id":1,"location_name":"UGD","name":"itok toni laksono","item_linen_session":null,"item_linen_created_at":"2021-04-10 10:36:09","item_linen_rent":"1","item_linen_status":"2"},{"item_linen_id":58,"item_linen_rfid":"E280689400004004E561AD34","item_linen_product_id":1,"item_product_name":"Handuk Besar Biru","item_linen_location_id":1,"company_id":130,"company_name":"RS. Siloam Cikarang","location_id":1,"location_name":"UGD","name":null,"item_linen_session":null,"item_linen_created_at":"2021-04-10 10:36:09","item_linen_rent":"1","item_linen_status":"2"},{"item_linen_id":59,"item_linen_rfid":"E280689400004004E561AD34","item_linen_product_id":1,"item_product_name":"Handuk Besar Biru","item_linen_location_id":1,"company_id":130,"company_name":"RS. Siloam Cikarang","location_id":1,"location_name":"UGD","name":null,"item_linen_session":null,"item_linen_created_at":"2021-04-10 10:36:09","item_linen_rent":"1","item_linen_status":"2"},{"item_linen_id":60,"item_linen_rfid":"E280689400004004E561AD34","item_linen_product_id":1,"item_product_name":"Handuk Besar Biru","item_linen_location_id":1,"company_id":130,"company_name":"RS. Siloam Cikarang","location_id":1,"location_name":"UGD","name":null,"item_linen_session":null,"item_linen_created_at":"2021-04-10 10:36:09","item_linen_rent":"1","item_linen_status":"2"},{"item_linen_id":61,"item_linen_rfid":"E280689400004004E561AD34","item_linen_product_id":1,"item_product_name":"Handuk Besar Biru","item_linen_location_id":1,"company_id":130,"company_name":"RS. Siloam Cikarang","location_id":1,"location_name":"UGD","name":null,"item_linen_session":null,"item_linen_created_at":"2021-04-10 10:36:09","item_linen_rent":"1","item_linen_status":"2"},{"item_linen_id":62,"item_linen_rfid":"E280689400004004E561AD34","item_linen_product_id":1,"item_product_name":"Handuk Besar Biru","item_linen_location_id":1,"company_id":130,"company_name":"RS. Siloam Cikarang","location_id":1,"location_name":"UGD","name":null,"item_linen_session":null,"item_linen_created_at":"2021-04-10 10:36:09","item_linen_rent":"1","item_linen_status":"2"}]